{"name":"7ed336e9-693e-41d4-80f6-2ae0ec8348a7","id":"/providers/Microsoft.Flow/flows/7ed336e9-693e-41d4-80f6-2ae0ec8348a7","type":"Microsoft.Flow/flows","properties":{"apiId":"/providers/Microsoft.PowerApps/apis/shared_logicflows","displayName":"Weekly Leads Evaluation Export","definition":{"metadata":{"workflowEntityId":null,"creator":{"id":"fd9dc73b-68f3-4a32-a5f0-9a3ee9fc8b3b","type":"User","tenantId":"abf8d1ff-7aeb-40ba-a05b-d9f81d02c104"},"provisioningMethod":"FromDefinition","failureAlertSubscription":true,"clientLastModifiedTime":"2018-11-22T09:43:20.5968513Z"},"$schema":"https://schema.management.azure.com/providers/Microsoft.Logic/schemas/2016-06-01/workflowdefinition.json#","contentVersion":"1.0.0.0","parameters":{"$authentication":{"defaultValue":{},"type":"SecureObject"}},"triggers":{"Recurrence_-_Weekly_Lead_Evaluation":{"recurrence":{"frequency":"Week","interval":1},"type":"Recurrence"}},"actions":{"RequestOAuth2Token":{"runAfter":{"Set_Target_Action_Name":["Succeeded"]},"type":"Http","inputs":{"method":"POST","uri":"https://login.microsoftonline.com/common/oauth2/token","headers":{"Content-Type":"application/x-www-form-urlencoded"},"body":"grant_type=password&\nclient_id=@{variables('client_id')}&\nresource=@{variables('resource')}&\nusername=@{variables('username')}&\npassword=@{variables('password')}"},"description":"Get an OAuth token required to authenticate to Web API"},"Set_client_id_":{"runAfter":{},"type":"InitializeVariable","inputs":{"variables":[{"name":"client_id","type":"String"}]},"description":"Set application id after registering in Azure AD"},"Set_Microsoft_Dynamics_365_URL":{"runAfter":{"Set_client_id_":["Succeeded"]},"type":"InitializeVariable","inputs":{"variables":[{"name":"resource","type":"String"}]}},"Set_username":{"runAfter":{"Set_Web_API_Base_URL":["Succeeded"]},"type":"InitializeVariable","inputs":{"variables":[{"name":"username","type":"String"}]},"description":"Microsoft Dynamics 365 username"},"Set_password":{"runAfter":{"Set_username":["Succeeded"]},"type":"InitializeVariable","inputs":{"variables":[{"name":"password","type":"String"}]},"description":"Microsoft Dynamics 365 password"},"HTTP_-_Execute_FetchXML_Query_over_Web_API":{"runAfter":{"RequestOAuth2Token":["Succeeded"]},"type":"Http","inputs":{"method":"GET","uri":"@{variables('Web API Base URL')}@{variables('Target Entity Name')}","headers":{"Authorization":"Bearer @{body('RequestOAuth2Token').access_token}","OData-MaxVersion":"4.0","OData-Version":"4.0","Accept":"application/json","Content-Type":"application/json; charset=utf-8"},"queries":{"fetchXml":"@variables('FetchXML Query')"}}},"Set_FetchXML_Query_":{"runAfter":{"Set_password":["Succeeded"]},"type":"InitializeVariable","inputs":{"variables":[{"name":"FetchXML Query","type":"String","value":"<fetch version=\"1.0\" output-format=\"xml-platform\" mapping=\"logical\" distinct=\"false\">\n  <entity name=\"lead\">\n    <attribute name=\"leadid\" />\n    <filter type=\"and\">\n      <condition attribute=\"createdon\" operator=\"olderthan-x-days\" value=\"5\" />\n      <condition attribute=\"statecode\" operator=\"eq\" value=\"0\" />\n      <condition attribute=\"leadqualitycode\" operator=\"ne\" value=\"1\" />\n    </filter>\n  </entity>\n</fetch>"}]},"description":"Set target business records FetchXML query"},"Set_Web_API_Base_URL":{"runAfter":{"Set_Microsoft_Dynamics_365_URL":["Succeeded"]},"type":"InitializeVariable","inputs":{"variables":[{"name":"Web API Base URL","type":"String","value":"@{variables('resource')}/api/data/v9.0/"}]}},"Parse_JSON":{"runAfter":{"HTTP_-_Execute_FetchXML_Query_over_Web_API":["Succeeded"]},"type":"ParseJson","inputs":{"content":"@body('HTTP_-_Execute_FetchXML_Query_over_Web_API')","schema":{"type":"object","properties":{"@@odata.context":{"type":"string"},"value":{"type":"array","items":{"type":"object","properties":{"@@odata.etag":{"type":"string"},"leadid":{"type":"string"}},"required":["@@odata.etag","leadid"]}}}}}},"Apply_to_each":{"foreach":"@body('Parse_JSON')?['value']","actions":{"HTTP_-_Apply_Action_to_each_returned_record_":{"runAfter":{},"type":"Http","inputs":{"method":"POST","uri":"@{variables('Web API Base URL')}@{variables('Target Entity Name')}(@{items('Apply_to_each')?['leadid']})@{variables('Target Action Name')}","headers":{"Authorization":"Bearer @{body('RequestOAuth2Token').access_token}","OData-MaxVersion":"4.0","OData-Version":"4.0","Accept":"application/json","Content-Type":"application/json; charset=utf-8"}}}},"runAfter":{"Parse_JSON":["Succeeded"]},"type":"Foreach"},"Set_target_entity_name":{"runAfter":{"Set_FetchXML_Query_":["Succeeded"]},"type":"InitializeVariable","inputs":{"variables":[{"name":"Target Entity Name","type":"String","value":"leads"}]}},"Set_Target_Action_Name":{"runAfter":{"Set_target_entity_name":["Succeeded"]},"type":"InitializeVariable","inputs":{"variables":[{"name":"Target Action Name","type":"String","value":"/Microsoft.Dynamics.CRM.new_HandleStaleLead"}]}}},"outputs":{}},"connectionReferences":{},"flowFailureAlertSubscribed":false}}